{
  "_generated": "Generated by SweetTooth, do not edit", 
  "description": "Add workspace switching buttons to the top panel. Forked from MGSE Bottom Panel. This does not and will not change the message tray or include the button for it. Currently the pop up dialog is not implemented, and the button size will increase automatically depending on the size of your panel.",
  "original-author": "l300lvl",  
  "name": "Workspace Buttons", 
  "shell-version": [
    "3.2"
  ], 
  "url": "https://github.com/l300lvl/workspace-buttons-gnome-shell-extension", 
  "uuid": "Workspace_Buttons@l300lvl.co.nr", 
  "version": 1
}
